source_url	local_path	status	detail
https://acrylicpros.com/wp-content/uploads/2025/11/cropped-WhatsApp-Image-2025-11-21-at-1.56.17-AM.jpeg	images/brand/logo-primary.jpeg	ok	60984
https://acrylicpros.com/wp-content/uploads/2025/02/ff_l_ogo.png	images/brand/logo-stacked-white.png	ok	14887
https://acrylicpros.com/wp-content/uploads/2025/10/icon_fav.png	images/brand/favicon-fin.png	ok	835
https://acrylicpros.com/wp-content/uploads/2025/08/SpaceX-Logo.png	images/brand/spacex-logo.png	ok	11461
https://acrylicpros.com/wp-content/uploads/2025/08/WhatsApp-Image-2025-08-29-at-1.03.50-PM.png	images/brand/shark-king-mascot.png	ok	1192835
https://acrylicpros.com/wp-content/uploads/2024/06/insta.png	icons/social/instagram.png	ok	4026
https://acrylicpros.com/wp-content/uploads/2024/06/yelp.png	icons/social/yelp.png	ok	3423
https://acrylicpros.com/wp-content/uploads/2025/08/facebook.png	icons/social/facebook.png	ok	1053
https://acrylicpros.com/wp-content/uploads/2025/09/google.png	icons/social/google.png	ok	3338
https://acrylicpros.com/wp-content/uploads/2025/08/ezgif-1f4bf907c13c2f.mp4	video/hero-desktop.mp4	ok	773335
https://acrylicpros.com/wp-content/uploads/2025/08/WhatsApp-Video-2025-08-06-at-12.18.15-PM.mp4	video/hero-mobile.mp4	ok	1391824
https://acrylicpros.com/wp-content/uploads/2025/07/acrylic-video.mp4	video/acrylic-overview.mp4	ok	8818274
https://acrylicpros.com/wp-content/uploads/2025/08/desktop.jpg	images/hero/hero-poster-desktop.jpg	ok	374996
https://acrylicpros.com/wp-content/uploads/2025/08/mobile.jpg	images/hero/hero-poster-mobile.jpg	ok	215562
https://acrylicpros.com/wp-content/uploads/2024/12/f_n_header.jpg	images/headers/coral-closeup-header.jpg	ok	201734
https://acrylicpros.com/wp-content/uploads/2024/09/home_water_bg-scaled.jpg	images/headers/underwater-godrays-bg.jpg	ok	93020
https://acrylicpros.com/wp-content/uploads/2024/10/section_1.jpg	images/headers/kitchen-aquarium-lifestyle.jpg	ok	195283
https://acrylicpros.com/wp-content/uploads/2024/08/gallery_header.jpg	images/headers/gallery-header.jpg	ok	315056
https://acrylicpros.com/wp-content/uploads/2024/08/scratches_header.jpg	images/headers/scratch-removal-header.jpg	ok	347004
https://acrylicpros.com/wp-content/uploads/2024/08/video_header.jpg	images/headers/videos-header.jpg	ok	274476
https://acrylicpros.com/wp-content/uploads/2024/08/shop_header.jpg	images/headers/shop-header.jpg	ok	276554
https://acrylicpros.com/wp-content/uploads/2024/08/panoramic_contact_fn.jpg	images/headers/contact-header.jpg	ok	162330
https://acrylicpros.com/wp-content/uploads/2025/02/New-Project-44.jpg	images/livestock/coral-reef-dense.jpg	ok	171536
https://acrylicpros.com/wp-content/uploads/2024/11/1-2.jpg	images/livestock/reef-tank-blue-light.jpg	ok	204357
https://acrylicpros.com/wp-content/uploads/2024/11/3-1.jpg	images/livestock/reef-colonies-fish.jpg	ok	155371
https://acrylicpros.com/wp-content/uploads/2024/11/4.jpg	images/livestock/soft-corals-macro.jpg	ok	215076
https://acrylicpros.com/wp-content/uploads/2025/07/WhatsApp-Image-2025-07-25-at-10.26.06-PM.jpeg	images/livestock/reef-tank-footer.jpeg	ok	203971
https://acrylicpros.com/wp-content/uploads/2024/09/Shop_AcrylicPros1-500x500-1-500x500.jpg	images/livestock/coral-colony-cutout.jpg	ok	38219
https://acrylicpros.com/wp-content/uploads/2024/09/Shop_AcrylicPros2-500x500-1-500x500.jpg	images/livestock/stingray-cutout.jpg	ok	26692
https://acrylicpros.com/wp-content/uploads/2024/09/Shop_AcrylicPros3-500x500-1-500x500.jpg	images/livestock/blacktip-shark-cutout.jpg	ok	9871
https://acrylicpros.com/wp-content/uploads/2024/09/shark.png	images/livestock/angelfish-cutout.png	ok	518222
https://acrylicpros.com/wp-content/uploads/2026/08/sharks-800x800.png	icons/service/sharks.png	ok	1465
https://acrylicpros.com/wp-content/uploads/2026/08/stingray-800x800.png	icons/service/stingray.png	ok	5354
https://acrylicpros.com/wp-content/uploads/2026/08/corals-800x800.png	icons/service/corals.png	ok	8192
https://acrylicpros.com/wp-content/uploads/2026/08/tropical-800x800.png	icons/service/tropical.png	ok	6274
https://acrylicpros.com/wp-content/uploads/2026/08/pool-800x800.png	icons/service/pool.png	ok	2723
https://acrylicpros.com/wp-content/uploads/2026/08/pond-800x800.png	icons/service/pond.png	ok	10285
https://acrylicpros.com/wp-content/uploads/2026/08/scratch-800x800.png	icons/service/scratch.png	ok	5397
https://acrylicpros.com/wp-content/uploads/2026/08/custombuild-800x800.png	icons/service/custombuild.png	ok	3886
https://acrylicpros.com/wp-content/uploads/2026/08/fabrication-800x800.png	icons/service/fabrication.png	ok	1592
https://acrylicpros.com/wp-content/uploads/2026/08/maintanence-800x800.png	icons/service/maintanence.png	ok	5184
https://acrylicpros.com/wp-content/uploads/2026/08/relocations-800x800.png	icons/service/relocations.png	ok	4255
https://acrylicpros.com/wp-content/uploads/2026/08/24hr_emergency-800x800.png	icons/service/24hr_emergency.png	ok	2278
https://acrylicpros.com/wp-content/uploads/2024/06/1_gallery_image.jpeg	images/gallery/project-01.jpeg	ok	40620
https://acrylicpros.com/wp-content/uploads/2024/06/2_gallery_image.jpeg	images/gallery/project-02.jpeg	ok	45206
https://acrylicpros.com/wp-content/uploads/2024/06/3_gallery_image.jpeg	images/gallery/project-03.jpeg	ok	56033
https://acrylicpros.com/wp-content/uploads/2024/06/4_gallery_image.jpeg	images/gallery/project-04.jpeg	ok	67296
https://acrylicpros.com/wp-content/uploads/2024/06/5_gallery_image.jpeg	images/gallery/project-05.jpeg	ok	101088
https://acrylicpros.com/wp-content/uploads/2024/06/6_gallery_image.jpeg	images/gallery/project-06.jpeg	ok	54968
https://acrylicpros.com/wp-content/uploads/2024/06/7_gallery_image.jpeg	images/gallery/project-07.jpeg	ok	64086
https://acrylicpros.com/wp-content/uploads/2024/06/8_gallery_image.jpeg	images/gallery/project-08.jpeg	ok	63129
https://acrylicpros.com/wp-content/uploads/2024/06/9_gallery_image.jpeg	images/gallery/project-09.jpeg	ok	42685
https://acrylicpros.com/wp-content/uploads/2024/06/10_gallery_image.jpeg	images/gallery/project-10.jpeg	ok	42094
https://acrylicpros.com/wp-content/uploads/2024/06/11_gallery_image.jpeg	images/gallery/project-11.jpeg	ok	83007
https://acrylicpros.com/wp-content/uploads/2024/06/12_gallery_image.jpeg	images/gallery/project-12.jpeg	ok	32933
https://acrylicpros.com/wp-content/uploads/2024/06/13_gallery_image.jpeg	images/gallery/project-13.jpeg	ok	62295
https://acrylicpros.com/wp-content/uploads/2024/06/14_gallery_image.jpeg	images/gallery/project-14.jpeg	ok	58770
https://acrylicpros.com/wp-content/uploads/2024/06/15_gallery_image.jpeg	images/gallery/project-15.jpeg	ok	107611
https://acrylicpros.com/wp-content/uploads/2024/06/16_gallery_image.jpeg	images/gallery/project-16.jpeg	ok	75049
https://acrylicpros.com/wp-content/uploads/2024/06/18_gallery_image.jpeg	images/gallery/project-18.jpeg	ok	37957
https://acrylicpros.com/wp-content/uploads/2024/06/19_gallery_image.jpeg	images/gallery/project-19.jpeg	ok	134668
https://acrylicpros.com/wp-content/uploads/2024/06/21_gallery_image.jpeg	images/gallery/project-21.jpeg	ok	56182
https://acrylicpros.com/wp-content/uploads/2024/06/22_gallery_image.jpeg	images/gallery/project-22.jpeg	ok	45150
https://acrylicpros.com/wp-content/uploads/2024/06/23_gallery_image.jpeg	images/gallery/project-23.jpeg	ok	34293
https://acrylicpros.com/wp-content/uploads/2024/06/24_gallery_image.jpeg	images/gallery/project-24.jpeg	ok	91622
https://acrylicpros.com/wp-content/uploads/2024/06/25_gallery_image.jpeg	images/gallery/project-25.jpeg	ok	121608
https://acrylicpros.com/wp-content/uploads/2024/06/26_gallery_image.jpeg	images/gallery/project-26.jpeg	ok	53528
https://acrylicpros.com/wp-content/uploads/2024/06/27_gallery_image.jpeg	images/gallery/project-27.jpeg	ok	67499
https://acrylicpros.com/wp-content/uploads/2024/06/28_gallery_image.jpeg	images/gallery/project-28.jpeg	ok	92818
https://acrylicpros.com/wp-content/uploads/2024/06/29_gallery_image.jpeg	images/gallery/project-29.jpeg	ok	54783
https://acrylicpros.com/wp-content/uploads/2024/06/30_gallery_image.jpeg	images/gallery/project-30.jpeg	ok	62510
https://acrylicpros.com/wp-content/uploads/2024/06/31_gallery_image.jpeg	images/gallery/project-31.jpeg	ok	56257
https://acrylicpros.com/wp-content/uploads/2024/06/32_gallery_image.jpeg	images/gallery/project-32.jpeg	ok	60513
https://acrylicpros.com/wp-content/uploads/2024/06/33_gallery_image.jpeg	images/gallery/project-33.jpeg	ok	69286
https://acrylicpros.com/wp-content/uploads/2024/06/20_gaallery_image.jpeg	images/gallery/project-20.jpeg	ok	136735
https://acrylicpros.com/wp-content/uploads/2024/12/17_gallery_new.jpeg	images/gallery/project-17.jpeg	ok	151558
https://acrylicpros.com/wp-content/uploads/2024/07/35_gallery_image.jpg	images/gallery/project-35.jpg	ok	146254
https://acrylicpros.com/wp-content/uploads/2024/07/36_gallery_image.jpg	images/gallery/project-36.jpg	ok	116846
https://acrylicpros.com/wp-content/uploads/2024/08/New-Project-33.jpg	images/pond/koi-pond-lilies.jpg	ok	273905
https://acrylicpros.com/wp-content/uploads/2024/08/fab_ffnn.jpg	images/pond/koi-pond-collage.jpg	ok	215664
https://acrylicpros.com/wp-content/uploads/2026/08/pond1_fn-1024x768.jpg	images/pond/pond-1.jpg	ok	100887
https://acrylicpros.com/wp-content/uploads/2026/08/pond2_fn-1024x768.jpg	images/pond/pond-2.jpg	ok	204849
https://acrylicpros.com/wp-content/uploads/2026/08/pond3_fn-1024x768.jpg	images/pond/pond-3.jpg	ok	166938
https://acrylicpros.com/wp-content/uploads/2024/08/New-Project-3.png	images/fabrication/machinery-bw.png	ok	277170
https://acrylicpros.com/wp-content/uploads/2024/08/New-Project-32.jpg	images/fabrication/reef-tank-white-stand.jpg	ok	224089
https://acrylicpros.com/wp-content/uploads/2025/09/carpt_fnl-1024x768.jpg	images/fabrication/warehouse-collage.jpg	ok	125268
https://acrylicpros.com/wp-content/uploads/2025/09/design_fn-1024x768.jpg	images/fabrication/cad-renders.jpg	ok	62576
https://acrylicpros.com/wp-content/uploads/2024/08/fab_fn.jpg	images/fabrication/fabrication-collage.jpg	ok	147630
https://acrylicpros.com/wp-content/uploads/2025/09/quality_fnnn-1024x768.jpg	images/fabrication/showroom-collage.jpg	ok	150624
https://ij0.22f.myftpupload.com/wp-content/uploads/2024/06/scratch_1.jpeg	images/scratch-removal/scratch-01.jpeg	ok	73543
https://ij0.22f.myftpupload.com/wp-content/uploads/2024/06/scratch_2.jpeg	images/scratch-removal/scratch-02.jpeg	ok	63908
https://ij0.22f.myftpupload.com/wp-content/uploads/2024/06/scratch_3.jpeg	images/scratch-removal/scratch-03.jpeg	ok	48083
https://ij0.22f.myftpupload.com/wp-content/uploads/2024/06/scratch_4.jpeg	images/scratch-removal/scratch-04.jpeg	ok	48990
https://ij0.22f.myftpupload.com/wp-content/uploads/2024/06/scratch_5.jpeg	images/scratch-removal/scratch-05.jpeg	ok	92967
https://ij0.22f.myftpupload.com/wp-content/uploads/2024/06/scratch_6.jpeg	images/scratch-removal/scratch-06.jpeg	ok	62882
https://ij0.22f.myftpupload.com/wp-content/uploads/2024/06/scratch_7.jpeg	images/scratch-removal/scratch-07.jpeg	ok	69514
https://ij0.22f.myftpupload.com/wp-content/uploads/2024/06/scratch_8.jpeg	images/scratch-removal/scratch-08.jpeg	ok	60398
https://ij0.22f.myftpupload.com/wp-content/uploads/2024/06/scratch_9.jpeg	images/scratch-removal/scratch-09.jpeg	ok	43337
https://ij0.22f.myftpupload.com/wp-content/uploads/2024/06/scratch_10.jpeg	images/scratch-removal/scratch-10.jpeg	ok	35881
https://ij0.22f.myftpupload.com/wp-content/uploads/2024/06/scratch_11.jpeg	images/scratch-removal/scratch-11.jpeg	ok	54032
https://ij0.22f.myftpupload.com/wp-content/uploads/2024/06/scratch_12.jpeg	images/scratch-removal/scratch-12.jpeg	ok	78973
https://ij0.22f.myftpupload.com/wp-content/uploads/2024/06/scratch_13.jpeg	images/scratch-removal/scratch-13.jpeg	ok	53410
https://ij0.22f.myftpupload.com/wp-content/uploads/2024/06/scratch_14.jpeg	images/scratch-removal/scratch-14.jpeg	ok	69100
https://ij0.22f.myftpupload.com/wp-content/uploads/2024/06/scratch_15.jpeg	images/scratch-removal/scratch-15.jpeg	ok	110896
https://ij0.22f.myftpupload.com/wp-content/uploads/2024/06/scratch_16.jpeg	images/scratch-removal/scratch-16.jpeg	ok	120678
https://ij0.22f.myftpupload.com/wp-content/uploads/2024/06/scratch_17.jpeg	images/scratch-removal/scratch-17.jpeg	ok	50140
https://ij0.22f.myftpupload.com/wp-content/uploads/2024/06/scratch_18.jpeg	images/scratch-removal/scratch-18.jpeg	ok	61135
https://ij0.22f.myftpupload.com/wp-content/uploads/2024/06/scratch_19.jpeg	images/scratch-removal/scratch-19.jpeg	ok	65890
https://ij0.22f.myftpupload.com/wp-content/uploads/2024/06/scratch_20.jpeg	images/scratch-removal/scratch-20.jpeg	ok	71718
https://acrylicpros.com/wp-content/uploads/2024/06/New-Project-38.jpg	images/products/New-Project-38.jpg	ok	55342
https://acrylicpros.com/wp-content/uploads/2024/06/black-color-aqua.png	images/products/black-color-aqua.png	ok	198551
https://acrylicpros.com/wp-content/uploads/2024/06/New-Project-39.jpg	images/products/New-Project-39.jpg	ok	52562
https://acrylicpros.com/wp-content/uploads/2024/06/RETAIL-AQUARIUM-SYSTEM-48X20X92.jpg	images/products/RETAIL-AQUARIUM-SYSTEM-48X20X92.jpg	ok	64026
https://acrylicpros.com/wp-content/uploads/2024/11/BETA-TANK-SYSTEM-34%C3%9713%C3%9759.jpg	images/products/BETA-TANK-SYSTEM-34-13-59.jpg	ok	87604
https://acrylicpros.com/wp-content/uploads/2024/06/80-GAL-48x20x22-MARINE-AQUARIUM-WHITE-STAND-1.jpg	images/products/80-GAL-48x20x22-MARINE-AQUARIUM-WHITE-STAND-1.jpg	ok	74931
https://acrylicpros.com/wp-content/uploads/2025/02/180-GAL-72X24X24-PENINSULA-STYLE-STARPHIRE-GLASS-WHITE-WOOD-STAND-ALUMINUM-FRAME-1.jpg	images/products/180-GAL-72X24X24-PENINSULA-STYLE-STARPHIRE-GLASS-WHITE-WOOD-STAND-ALUMINUM-FRAME-1.jpg	ok	47498
https://acrylicpros.com/wp-content/uploads/2024/06/aquarium_120-GAL-48x24x24-PENINSULA-STARPHIRE-GLASS-TANK-BLACK-STAND-s-watermark.png	images/products/aquarium_120-GAL-48x24x24-PENINSULA-STARPHIRE-GLASS-TANK-BLACK-STAND-s-watermark.png	ok	172811
https://acrylicpros.com/wp-content/uploads/2024/06/200-GAL-84x24x24-STARPHIRE-GLASS-TANK-BLACK-STAND-s_watermark.png	images/products/200-GAL-84x24x24-STARPHIRE-GLASS-TANK-BLACK-STAND-s_watermark.png	ok	232402
https://acrylicpros.com/wp-content/uploads/2024/06/120-GAL-48X24X24-STARPHIRE-GLASS-TANK-BLACK-WOOD-STAND-s-watermark.png	images/products/120-GAL-48X24X24-STARPHIRE-GLASS-TANK-BLACK-WOOD-STAND-s-watermark.png	ok	123001
https://acrylicpros.com/wp-content/uploads/2024/06/AQUA-JAPAN-AJ-28P-LOW-IRON-GLASS-TANK-BLACK-STAND-s-watermark.png	images/products/AQUA-JAPAN-AJ-28P-LOW-IRON-GLASS-TANK-BLACK-STAND-s-watermark.png	ok	271757
https://acrylicpros.com/wp-content/uploads/2024/06/AQUA-JAPAN-50-GAL-24X24X20-FRAG-TANK-s-watermark.png	images/products/AQUA-JAPAN-50-GAL-24X24X20-FRAG-TANK-s-watermark.png	ok	223173
https://acrylicpros.com/wp-content/uploads/2025/02/150-GAL-72x24x20-SHALLOW-PENINSULA-TANK-LOW-IRON-GLASS-AQUARIUM-s-watermark.png	images/products/150-GAL-72x24x20-SHALLOW-PENINSULA-TANK-LOW-IRON-GLASS-AQUARIUM-s-watermark.png	ok	362186
https://acrylicpros.com/wp-content/uploads/2024/06/150-GAL-72x24x20-SHALLOW-PENINSULA-TANK-LOW-IRON-GLASS-AQUARIUM-s-watermark.png	images/products/150-GAL-72x24x20-SHALLOW-PENINSULA-TANK-LOW-IRON-GLASS-AQUARIUM-s-watermark.png	skip-exists	362186
https://acrylicpros.com/wp-content/uploads/2024/11/270-GALLON-84X48X16-CUSTOM-STARPHIRE-GLASS-COFFEE-TABLE-s-watermark.png	images/products/270-GALLON-84X48X16-CUSTOM-STARPHIRE-GLASS-COFFEE-TABLE-s-watermark.png	ok	472270
https://acrylicpros.com/wp-content/uploads/2024/06/270-gal-72x36x24-peninsula-starphire-glass-tank-black-stand-aluminum-frame-s-wateramrk-1-1.png	images/products/270-gal-72x36x24-peninsula-starphire-glass-tank-black-stand-aluminum-frame-s-wateramrk-1-1.png	ok	391189
https://acrylicpros.com/wp-content/uploads/2026/08/40-GAL-24x20x20-MARINE-AQUARIUM-BLACK-STAND.png	images/products/40-GAL-24x20x20-MARINE-AQUARIUM-BLACK-STAND.png	ok	546401
https://acrylicpros.com/wp-content/uploads/2026/08/150-GAL-72X30X16-FRAG-TANK-LOW-IRON-GLASS-s-watermark.jpg	images/products/150-GAL-72X30X16-FRAG-TANK-LOW-IRON-GLASS-s-watermark.jpg	ok	67382
https://acrylicpros.com/wp-content/uploads/2026/08/90-GAL-36X24X24-AIO-TANK-BLACK-WOOD-STAND2-s-awatermark-final-for-120-as-well.png	images/products/90-GAL-36X24X24-AIO-TANK-BLACK-WOOD-STAND2-s-awatermark-final-for-120-as-well.png	ok	766688
https://acrylicpros.com/wp-content/uploads/2024/06/400-GAL-PENINSULA-LOW-IRON-GLASS-BLACK-WOOD-STAND-ALUMINUM-FRAME-1.png	images/products/400-GAL-PENINSULA-LOW-IRON-GLASS-BLACK-WOOD-STAND-ALUMINUM-FRAME-1.png	ok	447238
https://acrylicpros.com/wp-content/uploads/2025/02/190-GAL-48X30X30-STARPHIRE-GLASS-WHITE-WOOD-STAND-09thupdated.jpg	images/products/190-GAL-48X30X30-STARPHIRE-GLASS-WHITE-WOOD-STAND-09thupdated.jpg	ok	168733
https://acrylicpros.com/wp-content/uploads/2025/02/270-GAL-72X36X24-STARPHIRE-GLASS-VIEWABLE-4-SIDES-BLACK-WOOD-STAND-ALUMINUM-FRAME-s-watermark.png	images/products/270-GAL-72X36X24-STARPHIRE-GLASS-VIEWABLE-4-SIDES-BLACK-WOOD-STAND-ALUMINUM-FRAME-s-watermark.png	ok	277120
https://acrylicpros.com/wp-content/uploads/2024/06/120-s-gal-low-iron-glass-tank.jpg	images/products/120-s-gal-low-iron-glass-tank.jpg	ok	93287
https://acrylicpros.com/wp-content/uploads/2024/06/60-GAL-36x20x22-MARINE-AQUARIUM-BLACK-STAND-600x60-1.jpg	images/products/60-GAL-36x20x22-MARINE-AQUARIUM-BLACK-STAND-600x60-1.jpg	ok	46332
https://acrylicpros.com/wp-content/uploads/sb-instagram-feed-images/acrylic_pros_corp.webp	images/instagram/profile.jpg	ok	instagram profile
https://www.instagram.com/reel/DZkos3rAgZH/ (embed cover)	images/instagram/post-01.jpg	ok	instagram
https://www.instagram.com/reel/DY8CcnhyHgC/ (embed cover)	images/instagram/post-02.jpg	ok	instagram
https://www.instagram.com/reel/DViMUrMAOO5/ (embed cover)	images/instagram/post-03.jpg	ok	instagram
https://www.instagram.com/reel/DVS0A13AE9z/ (embed cover)	images/instagram/post-04.jpg	ok	instagram
https://www.instagram.com/reel/DVPx3NBAFNm/ (embed cover)	images/instagram/post-05.jpg	ok	instagram
https://www.instagram.com/reel/DVPwOhmgEOB/ (embed cover)	images/instagram/post-06.jpg	ok	instagram
https://www.instagram.com/reel/DOxp0VQgKg6/ (embed cover)	images/instagram/post-07.jpg	ok	instagram
https://www.instagram.com/reel/DNlkFwhyo6R/ (embed cover)	images/instagram/post-08.jpg	ok	instagram
https://www.instagram.com/reel/DNTO-mYxOyl/ (embed cover)	images/instagram/post-09.jpg	ok	instagram
https://www.instagram.com/reel/DNNNRVnu8K5/ (embed cover)	images/instagram/post-10.jpg	ok	instagram
https://www.instagram.com/reel/DNOiwy3S1pd/ (embed cover)	images/instagram/post-11.jpg	ok	instagram
https://www.instagram.com/reel/DNNJ9qeO7Af/ (embed cover)	images/instagram/post-12.jpg	ok	instagram
