Type,SKU,Name,Published,Visibility in catalogue,Short description,Description,In stock?,Regular price,Categories,Images
simple,120-gal-48x24x24-aio-tank-black-wood-stand,120 GAL 48X24X24 AIO TANK-BLACK WOOD STAND,1,visible,<p>Check Warranty Details</p>,"<ul>
<li>All in one aquarium</li>
<li>32″ black glossy stand</li>
<li>5″ across back filter compartment</li>
<li>2 x 3/4″ returns</li>
<li>No Media</li>
<li>No Light</li>
</ul>",1,1499.99,All-in-one,https://staging.example.com/wp-content/uploads/90-GAL-36X24X24-AIO-TANK-BLACK-WOOD-STAND2-s-awatermark-final-for-120-as-well.png
simple,90-gal-36x24x24-aio-tank-black-wood-stand,90 GAL 36X24X24 AIO TANK-BLACK WOOD STAND,1,visible,<p>Check Warranty Details</p>,"<ul>
<li>All in one aquarium</li>
<li>32″ black glossy stand</li>
<li>5″ across back filter compartment</li>
<li>2 x 3/4″ returns</li>
<li>No Media</li>
<li>No Light</li>
</ul>",1,1199.99,All-in-one,https://staging.example.com/wp-content/uploads/90-GAL-36X24X24-AIO-TANK-BLACK-WOOD-STAND2-s-awatermark-final-for-120-as-well.png
simple,300-gal-96x30x24-aqua-japan-starphire-glass-tank-black-stand-aluminum-frame,"300 GAL 96X30X24 AQUA JAPAN STARPHIRE GLASS TANK- BLACK STAND, ALUMINUM FRAME",1,visible,"<ul>
<li>NEED TO SHIP BY FREIGHT, NO FREE SHIPPING</li>
<li>Check Warranty Details</li>
</ul>","<ul>
<li>Tank is 3 sides ultra low iron, front and both sides</li>
<li>Approximately 96x30x24″</li>
<li>Tank Size</li>
<li>96x30x24 inch</li>
<li>2438x762x610 mm</li>
<li>Glass Thickness</li>
<li>15mm, 5/8inch</li>
<li>Capacity</li>
<li>290 Gallon</li>
<li>Overflow Box</li>
<li>2×1″ Return, 2×1.5″ Drain</li>
<li>Sump Size</li>
<li>82.7×21.6×15.7 inch</li>
<li>2100x550x400 mm</li>
</ul>",1,7499.99,Aqua Japan,https://staging.example.com/wp-content/uploads/200-GAL-84x24x24-STARPHIRE-GLASS-TANK-BLACK-STAND-s_watermark.png
simple,375-gal-120x30x24-aqua-japan-starphire-glass-tank-black-stand-aluminum-frame,"375 GAL 120X30X24 AQUA JAPAN STARPHIRE GLASS TANK- BLACK STAND, ALUMINUM FRAME",1,visible,"<ul>
<li>NEED TO SHIP BY FREIGHT, NO FREE SHIPPING</li>
<li>Check Warranty Details</li>
</ul>","<ul>
<li>Tank is 3 sides ultra low iron, front and both sides</li>
<li>Approximately 120x30x24″</li>
<li>Euro Bracing / Bottom Brace</li>
<li>Tank Size</li>
<li>120x30x24 inch</li>
<li>3048x762x610 mm</li>
<li>Glass Thickness</li>
<li>19mm, 3/4inch</li>
<li>Capacity</li>
<li>350 Gallon</li>
<li>Overflow Box</li>
<li>2×1″ Return, 2×2″ Drain</li>
<li>Sump Size</li>
<li>106.3×21.6×15.7 inch</li>
</ul>",1,8999.99,Aqua Japan,https://staging.example.com/wp-content/uploads/200-GAL-84x24x24-STARPHIRE-GLASS-TANK-BLACK-STAND-s_watermark.png
simple,375-gal-96x30x30-aqua-japan-starphire-glass-tank-white-stand-aluminum-frame,"375 GAL 96X30X30 AQUA JAPAN STARPHIRE GLASS TANK- WHITE STAND, ALUMINUM FRAME",1,visible,"<ul>
<li>NEED TO SHIP BY FREIGHT, NO FREE SHIPPING</li>
<li>Check Warranty Details</li>
</ul>","<ul>
<li>Tank is 3 sides ultra low iron, front and both sides</li>
<li>Comes with 32″ metal frame tall stand</li>
<li>Approximately 96x30x30″</li>
<li>Stand is 80cm ( 36.0″ )</li>
<li>Tank Size</li>
<li>96x30x30 inch</li>
<li>2438x762x762 mm</li>
<li>Glass Thickness</li>
<li>15mm,5/8inch</li>
<li>Capacity</li>
<li>360 Gallon</li>
<li>Overflow Box</li>
<li>2×1″ Return, 2×1.5″ Drain</li>
<li>Sump Size</li>
</ul>",1,8999.99,Aqua Japan,https://staging.example.com/wp-content/uploads/200-GAL-84x24x24-STARPHIRE-GLASS-TANK-BLACK-STAND-s_watermark.png
simple,aqua-japan-aj-28p-low-iron-glass-tank-black-stand,AQUA JAPAN AJ-28P LOW IRON GLASS TANK- BLACK STAND,1,visible,"<ul>
<li>NEED TO SHIP BY FREIGHT, NO FREE SHIPPING</li>
<li>Check Warranty Details</li>
</ul>","<ul>
<li>28 Gallon Display Tank</li>
<li>Tank is 5 sides ultra low iron, front and both sides (very similar to starphire glass)</li>
<li>Tank size (23.62″ x 15.75″ x 17.72″)</li>
<li>Stand is 31.5”</li>
<li>Glass 8mm thick</li>
<li>NEED TO SHIP BY FREIGHT, NO FREE SHIPPING</li>
</ul>",1,599.99,Aqua Japan,https://staging.example.com/wp-content/uploads/AQUA-JAPAN-AJ-28P-LOW-IRON-GLASS-TANK-BLACK-STAND-s-watermark.png
simple,aqua-japan-aj-28p-low-iron-glass-tank-white-stand,AQUA JAPAN AJ-28P LOW IRON GLASS TANK- WHITE STAND,1,visible,"<ul>
<li>NEED TO SHIP BY FREIGHT, NO FREE SHIPPING</li>
<li>Check Warranty Details</li>
</ul>","<ul>
<li>28 Gallon Display Tank</li>
<li>Tank is 5 sides ultra low iron (very similar to starphire glass)</li>
<li>Tank size (23.62″ x 15.75″ x 17.72″)</li>
<li>Stand is 31.5”</li>
<li>Glass 8mm thick</li>
<li>NEED TO SHIP BY FREIGHT, NO FREE SHIPPING</li>
</ul>",1,599.99,Aqua Japan,https://staging.example.com/wp-content/uploads/AQUA-JAPAN-AJ-28P-LOW-IRON-GLASS-TANK-BLACK-STAND-s-watermark.png
simple,aqua-japan-aj-44p-low-iron-glass-tank-black-stand,AQUA JAPAN AJ-44P LOW IRON GLASS TANK- BLACK STAND,1,visible,"<ul>
<li>NEED TO SHIP BY FREIGHT, NO FREE SHIPPING</li>
<li>Check Warranty Details</li>
</ul>","<ul>
<li>44 Gallon Display Tank</li>
<li>Tank is 5 sides ultra low iron (very similar to starphire glass)</li>
<li>Tank size (31.50″ x 16.54″ x 19.69″)</li>
<li>Stand is 31.5”</li>
<li>Glass 8mm thick</li>
<li>NEED TO SHIP BY FREIGHT, NO FREE SHIPPING</li>
</ul>",1,799.99,Aqua Japan,https://staging.example.com/wp-content/uploads/AQUA-JAPAN-AJ-28P-LOW-IRON-GLASS-TANK-BLACK-STAND-s-watermark.png
simple,aqua-japan-aj-44p-low-iron-glass-tank-white-stand,AQUA JAPAN AJ-44P LOW IRON GLASS TANK- WHITE STAND,1,visible,"<ul>
<li>NEED TO SHIP BY FREIGHT, NO FREE SHIPPING</li>
<li>Check Warranty Details</li>
</ul>","<ul>
<li>44 Gallon Display Tank</li>
<li>Tank is 5 sides ultra low iron, front and both sides (very similar to starphire glass)</li>
<li>Tank size (31.50″ x 16.54″ x 19.69″)</li>
<li>Stand is 31.5”</li>
<li>Glass 8mm thick</li>
<li>NEED TO SHIP BY FREIGHT, NO FREE SHIPPING</li>
</ul>",1,799.99,Aqua Japan,https://staging.example.com/wp-content/uploads/AQUA-JAPAN-AJ-28P-LOW-IRON-GLASS-TANK-BLACK-STAND-s-watermark.png
simple,aqua-japan-aj-65p-low-iron-glass-tank-black-stand,AQUA JAPAN AJ-65P LOW IRON GLASS TANK- BLACK STAND,1,visible,"<ul>
<li>NEED TO SHIP BY FREIGHT, NO FREE SHIPPING</li>
<li>Check Warranty Details</li>
</ul>","<ul>
<li>65 Gallon Display Tank</li>
<li>Tank is 5 sides ultra low iron (very similar to starphire glass)</li>
<li>Tank size (39.37″ x 17.72″ x 21.65″)</li>
<li>Stand is 31.5″</li>
<li>Glass 12mm thick</li>
<li>NEED TO SHIP BY FREIGHT, NO FREE SHIPPING</li>
</ul>",1,999.99,Aqua Japan,https://staging.example.com/wp-content/uploads/AQUA-JAPAN-AJ-28P-LOW-IRON-GLASS-TANK-BLACK-STAND-s-watermark.png
simple,aqua-japan-aj-65p-low-iron-glass-white-stand,AQUA JAPAN AJ-65P LOW IRON GLASS – WHITE STAND,1,visible,"<ul>
<li>NEED TO SHIP BY FREIGHT, NO FREE SHIPPING</li>
<li>Check Warranty Details</li>
</ul>","<ul>
<li>AQUA JAPAN AJ-65P LOW IRON GLASS TANK- WHITE STAND</li>
<li>65 Gallon Display Tank</li>
<li>Tank is 5 sides ultra low iron (very similar to starphire glass)</li>
<li>Tank size (39.37″ x 17.72″ x 21.65″)</li>
<li>Stand is 31.5″</li>
<li>Glass 12mm thick</li>
<li>NEED TO SHIP BY FREIGHT, NO FREE SHIPPING</li>
</ul>",1,999.99,Aqua Japan,https://staging.example.com/wp-content/uploads/AQUA-JAPAN-AJ-28P-LOW-IRON-GLASS-TANK-BLACK-STAND-s-watermark.png
simple,aqua-japan-aj-85p-low-iron-glass-black-stand,AQUA JAPAN AJ-85P LOW IRON GLASS – BLACK STAND,1,visible,"<ul>
<li>NEED TO SHIP BY FREIGHT, NO FREE SHIPPING</li>
<li>Check Warranty Details</li>
</ul>","<ul>
<li>AQUA JAPAN AJ-85P LOW IRON GLASS TANK– BLACK STAND</li>
<li>85 Gallon Display Tank</li>
<li>Tank is 5 sides ultra low iron (very similar to starphire glass)</li>
<li>Tank size ( 47.24″ x 17.72″ x 23.62″ )</li>
<li>Stand is 31.50″</li>
<li>Glass 12mm thick</li>
<li>NEED TO SHIP BY FREIGHT, NO FREE SHIPPING</li>
</ul>",1,1299.99,Aqua Japan,https://staging.example.com/wp-content/uploads/AQUA-JAPAN-AJ-28P-LOW-IRON-GLASS-TANK-BLACK-STAND-s-watermark.png
simple,aqua-japan-aj-85p-low-iron-glass-white-stand,Aqua Japan AJ-85P Low Iron Glass – White Stand,1,visible,"<ul>
<li>NEED TO SHIP BY FREIGHT, NO FREE SHIPPING</li>
<li>Check Warranty Details</li>
</ul>","<ul>
<li>85 Gallon Display Tank</li>
<li>Tank is 5 sides ultra low iron (very similar to starphire glass)</li>
<li>Tank size (47.24″ x 17.72″ x 23.62″)</li>
<li>Stand is 31.50″</li>
<li>Glass 12mm thick</li>
<li>NEED TO SHIP BY FREIGHT, NO FREE SHIPPING</li>
</ul>",1,1299.99,Aqua Japan,https://staging.example.com/wp-content/uploads/AQUA-JAPAN-AJ-28P-LOW-IRON-GLASS-TANK-BLACK-STAND-s-watermark.png
simple,150-gal-72x30x16-frag-tank-low-iron-glass,150 GAL 72X30X16 FRAG TANK LOW IRON GLASS,1,visible,"<ul>
<li>NEED TO SHIP BY FREIGHT, NO FREE SHIPPING</li>
<li>Check Warranty Details</li>
</ul>","<ul>
<li>** NO STAND **</li>
<li>** NO SUMP **</li>
<li>Tank is 3 sides ultra low iron, front and both sides</li>
<li>Approximately 72x30x16″</li>
<li>Glass 1/2″ thick</li>
<li>Euro Bracing / Bottom Brace</li>
<li>NEED TO SHIP BY FREIGHT, NO FREE SHIPPING</li>
</ul>",1,1599.99,Frag tanks,https://staging.example.com/wp-content/uploads/150-GAL-72X30X16-FRAG-TANK-LOW-IRON-GLASS-s-watermark.jpg
simple,aqua-japan-100-gal-48x24x20-frag-tank,AQUA JAPAN 100 GAL 48X24X20-FRAG TANK,1,visible,<p>Check Warranty Details</p>,"<ul>
<li>rimless</li>
<li>black background</li>
<li>1/2″ thick</li>
<li>double bracing on bottom for extra protection</li>
<li>external overflow box w/ 2 x 1″ drain</li>
<li>2 x 3/4″ return at each corner of the tank</li>
<li>black back, ultra clear low iron on front and both sides</li>
<li>actual dimension is 47.5″x23.5″x20″ tall</li>
<li>Tank only – you have the option to purchase a black/ white stand that comes with Reef Pro 120, please contact us for more details</li>
</ul>",1,1099.99,Frag tanks,https://staging.example.com/wp-content/uploads/AQUA-JAPAN-50-GAL-24X24X20-FRAG-TANK-s-watermark.png
simple,aqua-japan-120-gal-60x24x20-frag-tank,AQUA JAPAN 120 GAL 60X24X20- FRAG TANK,1,visible,<p>Check Warranty Details</p>,"<ul>
<li>.5625″ thick</li>
<li>black background</li>
<li>double bracing on bottom for extra protection</li>
<li>external overflow box w/ 2 x 1″ drain</li>
<li>2 x 3/4″ return at each corner of the tank</li>
<li>black back, ultra clear low iron on front and both sides</li>
<li>Tank only – you have the option to purchase a black/ white stand that comes with Reef Pro 150, please contact us for more details</li>
</ul>",1,1199.99,Frag tanks,https://staging.example.com/wp-content/uploads/AQUA-JAPAN-50-GAL-24X24X20-FRAG-TANK-s-watermark.png
simple,aqua-japan-140-gal-72x24x20-frag-tank,AQUA JAPAN 140 GAL 72X24X20-FRAG TANK,1,visible,<p>Check Warranty Details</p>,"<ul>
<li>rimless</li>
<li>black background</li>
<li>.5625″ thick</li>
<li>double bracing on bottom for extra protection</li>
<li>external overflow box w/ 2 x 1″ drain</li>
<li>2 x 3/4″ return at each corner of the tank</li>
<li>black back, ultra clear low iron on front and both sides</li>
<li>actual dimension is 71.5″x23.5″x20″ tall</li>
<li>Tank only – you have the option to purchase a black/ white stand that comes with Reef Pro 180, please contact us for more details</li>
</ul>",1,1399.99,Frag tanks,https://staging.example.com/wp-content/uploads/AQUA-JAPAN-50-GAL-24X24X20-FRAG-TANK-s-watermark.png
simple,aqua-japan-50-gal-24x24x20-frag-tank,AQUA JAPAN 50 GAL 24X24X20- FRAG TANK,1,visible,<p>Check Warranty Details</p>,"<ul>
<li>rimless</li>
<li>black background</li>
<li>.5625″ thick</li>
<li>double bracing on bottom for extra protection</li>
<li>external overflow box w/ 2 x 1″ drain</li>
<li>2 x 3/4″ return at each corner of the tank</li>
<li>black back, ultra clear low iron on front and both sides</li>
<li>actual dimension is 23.5″x23.5″x20″ tall</li>
<li>Tank only – you have the option to purchase a black/ white stand that comes with Reef Pro 60, please contact us for more details</li>
</ul>",1,599.99,Frag tanks,https://staging.example.com/wp-content/uploads/AQUA-JAPAN-50-GAL-24X24X20-FRAG-TANK-s-watermark.png
simple,aqua-japan-60-gal-36x24x16-frag-tank,AQUA JAPAN 60 GAL 36X24X16- FRAG TANK,1,visible,<p>Check Warranty Details</p>,"<ul>
<li>rimless</li>
<li>black background</li>
<li>1/2″ thick</li>
<li>double bracing on bottom for extra protection</li>
<li>external overflow box w/ 2 x 1″ drain</li>
<li>2 x 3/4″ return at each corner of the tank</li>
<li>black back, ultra clear low iron on front and both sides</li>
<li>actual dimension is 35.5″x23.5″x16″ tall</li>
<li>Tank only – you have the option to purchase a black/ white stand that comes with the Reef Pro 90, please contact us for more details</li>
</ul>",1,699.99,Frag tanks,https://staging.example.com/wp-content/uploads/AQUA-JAPAN-50-GAL-24X24X20-FRAG-TANK-s-watermark.png
simple,aqua-japan-75-gal-36x24x20-frag-tank,AQUA JAPAN 75 GAL 36X24X20- FRAG TANK,1,visible,<p>Check Warranty Details</p>,"<ul>
<li>rimless</li>
<li>black background</li>
<li>.5625″ thick</li>
<li>double bracing on bottom for extra protection</li>
<li>external overflow box w/ 2 x 1″ drain</li>
<li>2 x 3/4″ return at each corner of the tank</li>
<li>black back, ultra clear low iron on front and both sides</li>
<li>actual dimension is 35.5″x23.5″x20″ tall</li>
<li>Tank only – you have the option to purchase a black/ white stand that comes with Reef Pro 90, please contact us for more details</li>
</ul>",1,899.99,Frag tanks,https://staging.example.com/wp-content/uploads/AQUA-JAPAN-50-GAL-24X24X20-FRAG-TANK-s-watermark.png
simple,aqua-japan-80-gal-48x24x16-frag-tank,AQUA JAPAN 80 GAL 48X24X16- FRAG TANK,1,visible,<p>Check Warranty Details</p>,"<ul>
<li>rimless</li>
<li>black background</li>
<li>1/2″ thick</li>
<li>double bracing on bottom for extra protection</li>
<li>external overflow box w/ 2 x 1″ drain</li>
<li>2 x 3/4″ return at each corner of the tank</li>
<li>black back, ultra clear low iron on front and both sides</li>
<li>actual dimension is 47.5″x23.5″x16″ tall</li>
<li>Tank only – you have the option to purchase a black/white stand that comes with Reef Pro 120, please contact us for more details</li>
</ul>",1,899.99,Frag tanks,https://staging.example.com/wp-content/uploads/AQUA-JAPAN-50-GAL-24X24X20-FRAG-TANK-s-watermark.png
simple,40-gal-24x20x20-marine-aquarium-black-stand,40 GAL 24x20x20 MARINE AQUARIUM- BLACK STAND,1,visible,<p>Check Warranty Details</p>,"<ul>
<li>Marine Tank Set Up</li>
<li>Tank size (23.62 x 19.69 x 19.69″)</li>
<li>Tank 3/8″ Thick</li>
<li>20.47 x 14.96 x 14.96 Sump w/ato compartment</li>
<li>Plywood Stand</li>
<li>Rimless Glass Tank with 3 sides ULTRA CLEAR/LOW IRON (similar to Starphire)</li>
<li>Center Overflow with 3 x 3/4″ bulkhead size holes at the bottom</li>
<li>return holes (2x) at the top of the overflow</li>
<li>*** ALSO COMES WITH WHITE COLOR STAND PLEASE CHECK WITH US ***</li>
</ul>",1,1499.99,Marine,https://staging.example.com/wp-content/uploads/40-GAL-24x20x20-MARINE-AQUARIUM-BLACK-STAND.png
simple,60-gal-36x20x22-marine-aquarium-black-stand,60 GAL 36x20x22 MARINE AQUARIUM- BLACK STAND,1,visible,<p>Check Warranty Details</p>,"<ul>
<li>Marine Tank Set Up</li>
<li>Tank size (35.43” x 19.69” x 21.65”)</li>
<li>Tank 1/2″ Thick</li>
<li>28.35 x 14.96 x 14.96 Sump w/ato compartment</li>
<li>Plywood Stand</li>
<li>Rimless Glass Tank with 3 sides ULTRA CLEAR/LOW IRON (similar to Starphire)</li>
<li>Center Overflow with 2 x 1″ and 1 x 3/4″ bulkhead size holes at the bottom</li>
<li>Return holes (2x) at the top of the overflow</li>
<li>*** ALSO COMES WITH WHITE COLOR STAND PLEASE CHECK WITH US ***</li>
</ul>",1,1599.99,Marine,https://staging.example.com/wp-content/uploads/60-GAL-36x20x22-MARINE-AQUARIUM-BLACK-STAND-600x60-1.jpg
simple,80-gal-48x20x22-marine-aquarium-white-stand,80 GAL 48x20x22 MARINE AQUARIUM- WHITE STAND,1,visible,<p>Check Warranty Details</p>,"<ul>
<li>Marine Tank Set Up</li>
<li>Tank size (47.24” x 19.69” x 21.65″)</li>
<li>Tank 1/2″ Thick</li>
<li>28.35 x 14.96 x 14.96 Sump w/ato compartment</li>
<li>Plywood Stand</li>
<li>Rimless Glass Tank with 3 sides ULTRA CLEAR/LOW IRON (similar to Starphire)</li>
<li>Center Overflow with 2 x 1″ and 1 x 3/4″ bulkhead size holes at the bottom</li>
<li>Return holes (2x) at the top of the overflow</li>
<li>*** ALSO COMES WITH BLACK COLOR STAND PLEASE CHECK WITH US ***</li>
</ul>",1,1799.99,Marine,https://staging.example.com/wp-content/uploads/80-GAL-48x20x22-MARINE-AQUARIUM-WHITE-STAND-1.jpg
simple,120-gal-48x24x24-peninsula-starphire-glass-tank-black-stand,120 GAL 48x24x24 PENINSULA STARPHIRE GLASS TANK- BLACK STAND,1,visible,"<ul>
<li>NEED TO SHIP BY FREIGHT, NO FREE SHIPPING</li>
<li>Check Warranty Details</li>
</ul>","<ul>
<li>120 Gallon Display Tank</li>
<li>Tank 3 sides ultra low iron glass front and both sides (very similar to starphire glass)</li>
<li>Approximately 48x24x24″</li>
<li>Stand is 80cm ( 31.50″ )</li>
<li>36″ regular sump included, 3 chambers</li>
<li>Glass 12mm thick</li>
<li>NEED TO SHIP BY FREIGHT, NO FREE SHIPPING</li>
</ul>",1,2299.99,Peninsula,https://staging.example.com/wp-content/uploads/aquarium_120-GAL-48x24x24-PENINSULA-STARPHIRE-GLASS-TANK-BLACK-STAND-s-watermark.png
simple,120-gal-48x24x24-peninsula-starphire-glass-tank-white-stand,120 GAL 48x24x24 PENINSULA STARPHIRE GLASS TANK- WHITE STAND,1,visible,"<ul>
<li>NEED TO SHIP BY FREIGHT, NO FREE SHIPPING</li>
<li>Check Warranty Details</li>
</ul>","<ul>
<li>120 Gallon Display Tank</li>
<li>Tank 3 sides ultra low iron glass front and both sides (very similar to starphire glass)</li>
<li>Approximately 48x24x24″</li>
<li>Stand is 80cm ( 31.50″ )</li>
<li>36″ regular sump included, 3 chambers</li>
<li>Glass 12mm thick</li>
<li>NEED TO SHIP BY FREIGHT, NO FREE SHIPPING</li>
</ul>",1,2299.99,Peninsula,https://staging.example.com/wp-content/uploads/aquarium_120-GAL-48x24x24-PENINSULA-STARPHIRE-GLASS-TANK-BLACK-STAND-s-watermark.png
simple,150-gal-60x24x24-peninsula-starphire-glass-tank-black-stand,150 GAL 60x24x24 PENINSULA STARPHIRE GLASS TANK- BLACK STAND,1,visible,"<ul>
<li>NEED TO SHIP BY FREIGHT, NO FREE SHIPPING</li>
<li>Check Warranty Details</li>
</ul>","<ul>
<li>150 Gallon Display Tank</li>
<li>Tank is 3 sides ultra low iron, front and both sides (very similar to starphire glass)</li>
<li>Approximately 60x24x24″</li>
<li>Stand is 80cm ( 31.50″ )</li>
<li>48″ regular sump included, 3 chambers</li>
<li>Glass 12mm thick</li>
<li>NEED TO SHIP BY FREIGHT, NO FREE SHIPPING</li>
</ul>",1,2799.99,Peninsula,https://staging.example.com/wp-content/uploads/aquarium_120-GAL-48x24x24-PENINSULA-STARPHIRE-GLASS-TANK-BLACK-STAND-s-watermark.png
simple,150-gal-60x24x24-peninsula-starphire-glass-tank-white-stand,150 GAL 60x24x24 PENINSULA STARPHIRE GLASS TANK- WHITE STAND,1,visible,"<ul>
<li>NEED TO SHIP BY FREIGHT, NO FREE SHIPPING</li>
<li>Check Warranty Details</li>
</ul>","<ul>
<li>150 Gallon Display Tank</li>
<li>Tank is 3 sides ultra low iron, front and both sides (very similar to starphire glass)</li>
<li>Approximately 60x24x24″</li>
<li>Stand is 80cm ( 31.50″ )</li>
<li>48″ regular sump included, 3 chambers</li>
<li>Glass 12mm thick</li>
<li>NEED TO SHIP BY FREIGHT, NO FREE SHIPPING</li>
</ul>",1,2799.99,Peninsula,https://staging.example.com/wp-content/uploads/aquarium_120-GAL-48x24x24-PENINSULA-STARPHIRE-GLASS-TANK-BLACK-STAND-s-watermark.png
simple,180-gal-72x24x24-peninsula-style-starphire-glass-white-wood-stand-aluminum-frame,"180 GAL 72X24X24 PENINSULA STYLE STARPHIRE GLASS-WHITE WOOD STAND, ALUMINUM FRAME",1,visible,<p>Check Warranty Details</p>,"<ul>
<li>180 Gallon Display Tank</li>
<li>Tank is 3 sides ultra low iron, front and both sides</li>
<li>Comes with wood stand White or black, alloy frame</li>
<li>Approximately 72x24x24″</li>
<li>Stand is 80cm ( 31.50″ )</li>
<li>60″ regular sump included, 3 chambers</li>
<li>Glass 12mm thick</li>
<li>NEED TO SHIP BY FREIGHT, NO FREE SHIPPING</li>
</ul>",1,4999.99,Peninsula,https://staging.example.com/wp-content/uploads/180-GAL-72X24X24-PENINSULA-STYLE-STARPHIRE-GLASS-WHITE-WOOD-STAND-ALUMINUM-FRAME-1.jpg
simple,270-gal-72x36x24-peninsula-starphire-glass-tank-black-stand-aluminum-frame,"270 GAL 72X36X24 PENINSULA STARPHIRE GLASS TANK- BLACK STAND, ALUMINUM FRAME",1,visible,"<ul>
<li>NEED TO SHIP BY FREIGHT, NO FREE SHIPPING</li>
<li>Check Warranty Details</li>
</ul>","<ul>
<li>270 Gallon Display Tank</li>
<li>Tank is 3 sides ultra low iron, front and both sides (very similar to starphire glass)</li>
<li>Approximately 72x36x24″</li>
<li>Stand is 36″ Alloy Stand</li>
<li>48″ regular sump included, 3 chambers</li>
<li>Glass 5/8″ thick</li>
<li>NEED TO SHIP BY FREIGHT, NO FREE SHIPPING</li>
</ul>",1,7499.99,Peninsula,https://staging.example.com/wp-content/uploads/270-gal-72x36x24-peninsula-starphire-glass-tank-black-stand-aluminum-frame-s-wateramrk-1-1.png
simple,270-gal-72x36x24-peninsula-starphire-glass-tank-white-stand-aluminum-frame,"270 GAL 72x36x24 PENINSULA STARPHIRE GLASS TANK- WHITE STAND, ALUMINUM FRAME",1,visible,"<ul>
<li>NEED TO SHIP BY FREIGHT, NO FREE SHIPPING</li>
<li>Check Warranty Details</li>
</ul>","<ul>
<li>270 Gallon Display Tank</li>
<li>Tank is 3 sides ultra low iron, front and both sides (very similar to starphire glass)</li>
<li>Approximately 72x36x24″</li>
<li>Stand is 36″ Alloy Stand</li>
<li>48″ regular sump included, 3 chambers</li>
<li>Glass 5/8″ thick</li>
<li>NEED TO SHIP BY FREIGHT, NO FREE SHIPPING</li>
</ul>",1,7499.99,Peninsula,https://staging.example.com/wp-content/uploads/270-gal-72x36x24-peninsula-starphire-glass-tank-black-stand-aluminum-frame-s-wateramrk-1-1.png
simple,400-gal-72x36x36-peninsula-low-iron-glass-black-wood-stand-aluminum-frame,"400 GAL 72x36x36 PENINSULA LOW IRON GLASS- BLACK WOOD STAND, ALUMINUM FRAME",1,visible,<p>Check Warranty Details</p>,"<ul>
<li>400 Gallon Display Tank</li>
<li>Tank is 3 sides ultra low iron, front and both sides</li>
<li>Comes with 36″ tall stand</li>
<li>Approximately 72x36x36″</li>
<li>Stand is 36″ Alloy Stand</li>
<li>60″ regular sump included, 3 chambers</li>
<li>Glass 3/4″ thick</li>
</ul>",1,10499.99,Peninsula,https://staging.example.com/wp-content/uploads/400-GAL-PENINSULA-LOW-IRON-GLASS-BLACK-WOOD-STAND-ALUMINUM-FRAME-1.png
simple,180-gal-72x24x24-reef-pro-starphire-glass-tank-black-stand,180 GAL 72X24X24 REEF PRO STARPHIRE GLASS TANK- BLACK STAND,1,visible,<p>Check Warranty Details</p>,"<ul>
<li>72″ x 24″ x 24″ (approx), TRUE dimension 70.9″ x 23.7″ x 23.7″ (1800mm x 600mm x 600mm)</li>
<li>Recess Euro Brace Glass Tank with 3 sides ULTRA CLEAR/LOW IRON (similar to Starphire)</li>
<li>Center Overflow with 1.5″ (1x) and 3/4 (2x)” bulkhead holes at the bottom</li>
<li>return holes (2x) at the top of the overflow</li>
<li>Alternative 3/4″ return holes (2x) on top rear corners bracing</li>
<li>60″ Sump with 2 baffles and 2 sock holders</li>
<li>31″ tall black or white stand</li>
</ul>",1,2599.99,Reef Pro,https://staging.example.com/wp-content/uploads/120-GAL-48X24X24-STARPHIRE-GLASS-TANK-BLACK-WOOD-STAND-s-watermark.png
simple,190-gal-60x24x30-reef-pro-starphire-glass-tank-black-wood-stand-aluminum-frame,"190 GAL 60X24X30 REEF PRO STARPHIRE GLASS TANK- BLACK WOOD STAND, ALUMINUM FRAME",1,visible,<p>Check Warranty Details</p>,"<ul>
<li>Reef Pro 190 System Comes With:</li>
<li>60″ x 24″ x 30″ (approx)</li>
<li>Recess Euro Brace Glass Tank with 3 sides ULTRA CLEAR/LOW IRON (similar to Starphire)</li>
<li>Center Overflow</li>
<li>Black Background</li>
<li>Tank Size</li>
<li>60x24x30 inch</li>
<li>1524x610x762 mm</li>
<li>Glass Thickness</li>
<li>15mm, 5/8inch</li>
<li>Capacity</li>
<li>180 Gallon</li>
<li>Overflow Box</li>
<li>2×3/4″ Return, 2×1.5″ Drain</li>
</ul>",1,3499.99,Reef Pro,https://staging.example.com/wp-content/uploads/120-GAL-48X24X24-STARPHIRE-GLASS-TANK-BLACK-WOOD-STAND-s-watermark.png
simple,190-gal-60x24x30-reef-pro-starphire-glass-tank-white-wood-stand-aluminum-frame,"190 GAL 60X24X30 REEF PRO STARPHIRE GLASS TANK- WHITE WOOD STAND, ALUMINUM FRAME",1,visible,<p>Check Warranty Details</p>,"<ul>
<li>Reef Pro 190 System Comes With:</li>
<li>60″ x 24″ x 30″ (approx)</li>
<li>Recess Euro Brace Glass Tank with 3 sides ULTRA CLEAR/LOW IRON (similar to Starphire)</li>
<li>Center Overflow</li>
<li>Tank Size</li>
<li>60x24x30 inch</li>
<li>1524x610x762 mm</li>
<li>Glass Thickness</li>
<li>15mm, 5/8inch</li>
<li>Capacity</li>
<li>180 Gallon</li>
<li>Overflow Box</li>
<li>2×3/4″ Return, 2×1.5″ Drain</li>
<li>Sump Size</li>
</ul>",1,3499.99,Reef Pro,https://staging.example.com/wp-content/uploads/120-GAL-48X24X24-STARPHIRE-GLASS-TANK-BLACK-WOOD-STAND-s-watermark.png
simple,225-gal-72x24x30t-reef-pro-starphire-glass-tank-black-wood-stand-aluminum-frame,"225 GAL 72X24X30T REEF PRO STARPHIRE GLASS TANK- BLACK WOOD STAND, ALUMINUM FRAME",1,visible,<p>Check Warranty Details</p>,"<ul>
<li>Reef Pro 225 System Comes With:</li>
<li>72″ x 24″ x 30″ (approx)</li>
<li>Recess Euro Brace Glass Tank with 3 sides ULTRA CLEAR/LOW IRON (similar to Starphire)</li>
<li>Center Overflow</li>
<li>Black Background</li>
<li>Tank Size</li>
<li>72x24x30 inch</li>
<li>1830x610x762 mm</li>
<li>Glass Thickness</li>
<li>15mm, 5/8inch</li>
<li>Capacity</li>
<li>210 Gallon</li>
<li>Overflow Box</li>
<li>2×1″ Return,1×2″ Drain</li>
</ul>",1,4999.99,Reef Pro,https://staging.example.com/wp-content/uploads/120-GAL-48X24X24-STARPHIRE-GLASS-TANK-BLACK-WOOD-STAND-s-watermark.png
simple,225-gal-72x24x30t-reef-pro-starphire-glass-tank-white-wood-stand-aluminum-frame,"225 GAL 72X24X30T REEF PRO STARPHIRE GLASS TANK- WHITE WOOD STAND, ALUMINUM FRAME",1,visible,<p>Check Warranty Details</p>,"<ul>
<li>Reef Pro 225 System Comes With:</li>
<li>72″ x 24″ x 30″ (approx)</li>
<li>Recess Euro Brace Glass Tank with 3 sides ULTRA CLEAR/LOW IRON (similar to Starphire)</li>
<li>Center Overflow</li>
<li>Black Background</li>
<li>Tank Size</li>
<li>72x24x30 inch</li>
<li>1830x610x762 mm</li>
<li>Glass Thickness</li>
<li>15mm, 5/8inch</li>
<li>Capacity</li>
<li>210 Gallon</li>
<li>Overflow Box</li>
<li>2×1″ Return,1×2″ Drain</li>
</ul>",1,4999.99,Reef Pro,https://staging.example.com/wp-content/uploads/120-GAL-48X24X24-STARPHIRE-GLASS-TANK-BLACK-WOOD-STAND-s-watermark.png
simple,280-gal-72x30x30-reef-pro-staphire-glass-tank-black-wood-stand-aluminum-frame,"280 GAL 72X30X30 REEF PRO STAPHIRE GLASS TANK- BLACK WOOD STAND, ALUMINUM FRAME",1,visible,<p>Check Warranty Details</p>,"<ul>
<li>Reef Pro 280 System Comes With:</li>
<li>72″ x 30″ x 30″ (approx)</li>
<li>Recess Euro Brace Glass Tank with 3 sides ULTRA CLEAR/LOW IRON (similar to Starphire)</li>
<li>Center Overflow</li>
<li>Black Background</li>
<li>Tank Size</li>
<li>72x30x30 inch</li>
<li>1830x762x762 mm</li>
<li>Glass Thickness</li>
<li>15mm,5/8inch</li>
<li>Capacity</li>
<li>270 Gallon</li>
<li>Overflow Box</li>
<li>2×1″ Return,1×2″ Drain</li>
</ul>",1,5499.99,Reef Pro,https://staging.example.com/wp-content/uploads/120-GAL-48X24X24-STARPHIRE-GLASS-TANK-BLACK-WOOD-STAND-s-watermark.png
simple,280-gal-72x30x30-reef-pro-staphire-glass-tank-white-wood-stand-aluminum-frame,"280 GAL 72X30X30 REEF PRO STAPHIRE GLASS TANK- WHITE WOOD STAND, ALUMINUM FRAME",1,visible,<p>Check Warranty Details</p>,"<ul>
<li>Reef Pro 280 System Comes With:</li>
<li>72″ x 30″ x 30″ (approx)</li>
<li>Recess Euro Brace Glass Tank with 3 sides ULTRA CLEAR/LOW IRON (similar to Starphire)</li>
<li>Center Overflow</li>
<li>Black Background</li>
<li>Tank Size</li>
<li>72x30x30 inch</li>
<li>1830x762x762 mm</li>
<li>Glass Thickness</li>
<li>15mm,5/8inch</li>
<li>Capacity</li>
<li>270 Gallon</li>
<li>Overflow Box</li>
<li>2×1″ Return,1×2″ Drain</li>
</ul>",1,5499.99,Reef Pro,https://staging.example.com/wp-content/uploads/120-GAL-48X24X24-STARPHIRE-GLASS-TANK-BLACK-WOOD-STAND-s-watermark.png
simple,60-gal-24x24x24-reef-pro-black-stand,60 GAL 24X24X24 REEF PRO- BLACK STAND,1,visible,<p>Check Warranty Details</p>,"<ul>
<li>24x24x24″ (approx), TRUE dimension 23.7″ x 23.7″ x 23.7″ (600mm x 600mm x 600mm)</li>
<li>Rimless Glass Tank with 3 sides ULTRA CLEAR/LOW IRON (similar to Starphire)</li>
<li>Left Side Corner Overflow with 1.5″ drain and 3/4″ return</li>
<li>20″ Sump with 2 baffles and sock holder</li>
<li>31″ tall black stand</li>
</ul>",1,1149.99,Reef Pro,https://staging.example.com/wp-content/uploads/New-Project-39.jpg
simple,90-gal-36x24x24-reef-pro-black-stand,90 GAL 36X24X24 REEF PRO-BLACK STAND,1,visible,<p>Check Warranty Details</p>,"<ul>
<li>36x24x24″ (approx), TRUE dimension 35.5″ x 23.7″ x 23.7″ (900mm x 600mm x 600mm)</li>
<li>Rimless Glass Tank with 3 sides ULTRA CLEAR/LOW IRON (similar to Starphire)</li>
<li>Left Side Corner Overflow with 1.5″ drain and 3/4″ return</li>
<li>28″ Sump with 2 baffles and sock holder</li>
<li>31″ tall black stand</li>
</ul>",1,1699.99,Reef Pro,https://staging.example.com/wp-content/uploads/New-Project-38.jpg
simple,100-gal-48x24x20-shallow-peninsula-tank-low-iron-glass-aquarium,100 GAL 48x24x20 SHALLOW PENINSULA TANK- LOW IRON GLASS AQUARIUM,1,visible,<p>Check Warranty Details</p>,"<ul>
<li>3 sides ultra clear glass</li>
<li>Overflow on one side / peninsula style</li>
<li>Rimless</li>
<li>48″x24”x20” is 1/2″ thick glass</li>
<li>extra bottom bracing</li>
<li>** PRICE IS FOR TANK ONLY, THERE IS NO STAND AND NO SUMP **</li>
<li>You can buy the stand and sump separately, please contact us for more details</li>
</ul>",1,1499.99,Shallow peninsula,https://staging.example.com/wp-content/uploads/150-GAL-72x24x20-SHALLOW-PENINSULA-TANK-LOW-IRON-GLASS-AQUARIUM-s-watermark.png
simple,125-gal-60x24x20-shallow-peninsula-tank-low-iron-glass-aquarium,125 GAL 60x24x20 SHALLOW PENINSULA TANK- LOW IRON GLASS AQUARIUM,1,visible,<p>Check Warranty Details</p>,"<ul>
<li>3 sides ultra clear glass</li>
<li>Overflow on one side / peninsula style</li>
<li>Rimless</li>
<li>60”x24”x20” is 1/2″ thick glass</li>
<li>extra bottom bracing</li>
<li>** PRICE IS FOR TANK ONLY, THERE IS NO STAND AND NO SUMP **</li>
<li>You can buy the stand and sump seperately, please contact us for more details</li>
</ul>",1,1599.99,Shallow peninsula,https://staging.example.com/wp-content/uploads/150-GAL-72x24x20-SHALLOW-PENINSULA-TANK-LOW-IRON-GLASS-AQUARIUM-s-watermark.png
simple,150-gal-72x24x20-shallow-peninsula-tank-low-iron-glass-aquarium,150 GAL 72x24x20 SHALLOW PENINSULA TANK- LOW IRON GLASS AQUARIUM,1,visible,<p>Check Warranty Details</p>,"<ul>
<li>3 sides ultra clear glass</li>
<li>Overflow on one side / peninsula style</li>
<li>Rimless</li>
<li>72″x24”x20” is 3/4″ thick glass</li>
<li>extra bottom bracing</li>
<li>** PRICE IS FOR TANK ONLY, THERE IS NO STAND AND NO SUMP **</li>
<li>You can buy the stand and sump separately, please contact us for more details</li>
</ul>",1,1799.99,Shallow peninsula,https://staging.example.com/wp-content/uploads/150-GAL-72x24x20-SHALLOW-PENINSULA-TANK-LOW-IRON-GLASS-AQUARIUM-s-watermark.png
simple,120-s-gal-low-iron-glass-tank,120-S GAL LOW IRON GLASS TANK,1,visible,"<ul>
<li>NEED TO SHIP BY FREIGHT, NO FREE SHIPPING</li>
<li>Check Warranty Details</li>
</ul>","<ul>
<li>75 Gallon Display Tank</li>
<li>Tank is 5 sides ultra low iron, front, back and both sides (very similar to starphire glass)</li>
<li>Tank size (47.24″ x 23.62″ x 14.17″)</li>
<li>Glass 12mm thick</li>
<li>NEED TO SHIP BY FREIGHT, NO FREE SHIPPING</li>
</ul>",1,679.99,Specialty,https://staging.example.com/wp-content/uploads/120-s-gal-low-iron-glass-tank.jpg
simple,beta-tank-system-34x13x59,BETA TANK SYSTEM 34×13×59,1,visible,<p>Check Warranty Details</p>,"<ul>
<li>Beta system</li>
<li>32 tanks</li>
<li>each tank is 3.94×3.94×5.91</li>
<li>3 tiers</li>
<li>3 leds, one for each tier</li>
<li>glass sump with return and drain plumbing</li>
<li>(Return pumps sold separately)</li>
<li>Overall size</li>
<li>Approximately 34″ wide x 13″ wide and 59″ tall</li>
</ul>",1,1499.00,Specialty,https://staging.example.com/wp-content/uploads/BETA-TANK-SYSTEM-34-13-59.jpg
simple,pro-65-gal-40x18x22-low-iron-glass-black-stand,"PRO 65 GAL 40x18x22 LOW IRON GLASS, BLACK STAND",1,visible,"<ul>
<li>NEED TO SHIP VIA FREIGHT, NO FREE SHIPPING</li>
<li>Check Warranty Details</li>
</ul>","<ul>
<li>65 Gallon Glass Tank</li>
<li>Tank is 3 sides start fire, front and both sides (very similar to starphire glass)</li>
<li>Corner Overflow Build In</li>
<li>Glass Sump</li>
<li>80w LED Light Fixture (60 White x 20 Blue )</li>
<li>Tank size (39.37″ x 17.72″ x 21.65″)</li>
<li>Stand is ( 31.50″ )</li>
<li>NEED TO SHIP VIA FREIGHT, NO FREE SHIPPING</li>
</ul>",1,999.99,Specialty,https://staging.example.com/wp-content/uploads/black-color-aqua.png
simple,pro-85-gal-48x18x24-low-iron-glass-black-stand,"PRO 85 GAL 48x18x24 LOW IRON GLASS, BLACK STAND",1,visible,"<ul>
<li>NEED TO SHIP VIA FREIGHT, NO FREE SHIPPING</li>
<li>Check Warranty Details</li>
</ul>","<ul>
<li>85 Gallon Display Tank</li>
<li>Tank is 3 sides start fire, front and both sides (very similar to starphire glass)</li>
<li>Corner Overflow Build In</li>
<li>Glass Sump</li>
<li>100w LED Light Fixture</li>
<li>Tank size ( 47.24″ x 17.72″ x 23.62″ )</li>
<li>Stand is ( 31.50″ )</li>
<li>NEED TO SHIP VIA FREIGHT, NO FREE SHIPPING</li>
</ul>",1,1399.99,Specialty,https://staging.example.com/wp-content/uploads/black-color-aqua.png
simple,retail-aquarium-system-48x20x92,RETAIL AQUARIUM SYSTEM 48X20X92,1,visible,<p>Check Warranty Details</p>,"<ul>
<li>Beta system</li>
<li>3 tiers + sump</li>
<li>One whole tank / One divided into 2 / One divided into 3</li>
<li>3 leds, one for each tier</li>
<li>glass sump with return and drain plumbing</li>
<li>(Return pumps sold separately)</li>
<li>Overall size</li>
<li>Approximately 48″ long x 20″ wide and 92″ tall</li>
<li>Each tank is approximately 42″ long x 19″ wide and by 14″ tall</li>
<li>Water-proof powder coated aluminum stand</li>
<li>All glass tank comes with glass sliding top to keep fish from jumping out</li>
<li>All glass tank comes with overflow boxes that lead the water into the sump on the bottom</li>
<li>All plumbing parts included / just need to add filter media / skimmer and a return pump</li>
<li>Every display tank comes with it own fitted LED lighting, 35w with 10k and Actinic blues</li>
</ul>",1,2499.99,Specialty,https://staging.example.com/wp-content/uploads/RETAIL-AQUARIUM-SYSTEM-48X20X92.jpg
simple,120-gal-48x24x24-starphire-glass-tank-black-wood-stand,120 GAL 48X24X24 STARPHIRE GLASS TANK- BLACK WOOD STAND,1,visible,<p>Check Warranty Details</p>,"<ul>
<li>48″ x 24″ x 24″ (approx), TRUE dimension 47.25″ x 23.7″ x 23.7″ (1200mm x 600mm x 600mm)</li>
<li>Recess Euro Brace Glass Tank with 3 sides ULTRA CLEAR/LOW IRON (similar to Starphire)</li>
<li>Center Overflow with 1.5″ (1x) and 3/4 (2x)” bulkhead holes at the bottom</li>
<li>return holes (2x) at the top of the overflow</li>
<li>Alternative 3/4″ return holes (2x) on top rear corners bracing</li>
<li>36″ Sump with 2 baffles and 2 sock holders</li>
<li>31″ tall black or white stand</li>
</ul>",1,1599.99,Starphire glass,https://staging.example.com/wp-content/uploads/120-GAL-48X24X24-STARPHIRE-GLASS-TANK-BLACK-WOOD-STAND-s-watermark.png
simple,150-gal-60x24x24-starphire-glass-tank-black-wood-stand,150 GAL 60X24X24 STARPHIRE GLASS TANK- BLACK WOOD STAND,1,visible,<p>Check Warranty Details</p>,"<ul>
<li>60″ x 24″ x 24″ (approx), TRUE dimension 59.1″ x 23.7″ x 23.7″ (1500mm x 600mm x 600mm)</li>
<li>Recess Euro Brace Glass Tank with 3 sides ULTRA CLEAR/LOW IRON (similar to Starphire)</li>
<li>Center Overflow with 1.5″ (1x) and 3/4 (2x)” bulkhead holes at the bottom</li>
<li>return holes (2x) at the top of the overflow</li>
<li>Alternative 3/4″ return holes (2x) on top rear corners bracing</li>
<li>48″ Sump with 2 baffles and 2 sock holders</li>
<li>31″ tall black stand</li>
</ul>",1,1899.99,Starphire glass,https://staging.example.com/wp-content/uploads/120-GAL-48X24X24-STARPHIRE-GLASS-TANK-BLACK-WOOD-STAND-s-watermark.png
simple,150t-gal-48x24x30-starphire-glass-tank-white-wood-stand-aluminum-frame,"150T GAL 48X24X30 STARPHIRE GLASS TANK- WHITE WOOD STAND, ALUMINUM FRAME",1,visible,<p>Check Warranty Details</p>,"<ul>
<li>Reef Pro 150 Tall System Comes With:</li>
<li>48″ x 24″ x 30″ (approx 150gal), 1/2″ Thick</li>
<li>Recess Euro Brace Glass Tank with 3 sides ULTRA CLEAR/LOW IRON (similar to Starphire)</li>
<li>Center Overflow with 1.5″ (1x) and 3/4 (2x)” bulkhead holes at the bottom</li>
<li>¾” return holes (2x) at the top of the overflow</li>
<li>Alternative 3/4″ return holes (2x) on top rear corners bracing</li>
<li>36″ Sump with 2 baffles and 2 sock holders</li>
<li>36″ tall black Alloy stand</li>
<li>Black Background</li>
<li>Tank Size</li>
<li>48x24x30 inch</li>
<li>1219x610x762 mm</li>
<li>Glass Thickness</li>
<li>12mm, 1/2inch</li>
</ul>",1,2999.99,Starphire glass,https://staging.example.com/wp-content/uploads/120-GAL-48X24X24-STARPHIRE-GLASS-TANK-BLACK-WOOD-STAND-s-watermark.png
simple,150w-gal-48x30x24-starphire-glass-tank-black-wood-stand-aluminum-frame,"150W GAL 48X30X24 STARPHIRE GLASS TANK- BLACK WOOD STAND, ALUMINUM FRAME",1,visible,<p>Check Warranty Details</p>,"<ul>
<li>Reef Pro 150W System Comes With:</li>
<li>48″ x 30″ x 24″ (approx 150gal), 1/2″ Thick</li>
<li>Recess Euro Brace Glass Tank with 3 sides ULTRA CLEAR/LOW IRON (similar to Starphire)</li>
<li>Center Overflow with 1.5″ (1x) and 3/4 (2x)” bulkhead holes at the bottom</li>
<li>¾” return holes (2x) at the top of the overflow</li>
<li>Alternative 3/4″ return holes (2x) on top rear corners bracing</li>
<li>36″ Sump with 2 baffles and 2 sock holders</li>
<li>36″ tall black Alloy stand</li>
<li>Black Background</li>
<li>Tank Size</li>
<li>48x30x24 inch</li>
<li>1219x762x610 mm</li>
<li>Glass Thickness</li>
<li>12mm, 1/2inch</li>
</ul>",1,3399.99,Starphire glass,https://staging.example.com/wp-content/uploads/120-GAL-48X24X24-STARPHIRE-GLASS-TANK-BLACK-WOOD-STAND-s-watermark.png
simple,150w-gal-48x30x24-starphire-glass-tank-white-wood-stand-aluminum-frame,"150W GAL 48X30X24 STARPHIRE GLASS TANK- WHITE WOOD STAND, ALUMINUM FRAME",1,visible,<p>Check Warranty Details</p>,"<ul>
<li>Reef Pro 150W System Comes With:</li>
<li>48″ x 30″ x 24″ (approx 150gal), 1/2″ Thick</li>
<li>Recess Euro Brace Glass Tank with 3 sides ULTRA CLEAR/LOW IRON (similar to Starphire)</li>
<li>Center Overflow with 1.5″ (1x) and 3/4 (2x)” bulkhead holes at the bottom</li>
<li>¾” return holes (2x) at the top of the overflow</li>
<li>Alternative 3/4″ return holes (2x) on top rear corners bracing</li>
<li>36″ Sump with 2 baffles and 2 sock holders</li>
<li>36″ tall black Alloy stand</li>
<li>Black Background</li>
<li>Tank Size</li>
<li>48x30x24 inch</li>
<li>1219x762x610 mm</li>
<li>Glass Thickness</li>
<li>12mm, 1/2inch</li>
</ul>",1,3399.99,Starphire glass,https://staging.example.com/wp-content/uploads/120-GAL-48X24X24-STARPHIRE-GLASS-TANK-BLACK-WOOD-STAND-s-watermark.png
simple,180t-gal-48x24x36-starphire-glass-tank-black-wood-stand-aluminum-frame,"180T GAL 48X24X36 STARPHIRE GLASS TANK- BLACK WOOD STAND, ALUMINUM FRAME",1,visible,<p>Check Warranty Details</p>,"<ul>
<li>48″ x 24″ x 36″ (approx 180gal), 1/2″ Thick</li>
<li>Recess Euro Brace Glass Tank with 3 sides ULTRA CLEAR/LOW IRON (similar to Starphire)</li>
<li>Center Overflow with 1.5″ (1x) and 3/4 (2x)” bulkhead holes at the bottom</li>
<li>return holes (2x) at the top of the overflow</li>
<li>Alternative 3/4″ return holes (2x) on top rear corners bracing</li>
<li>36″ Sump with 2 baffles and 2 sock holders</li>
<li>36″ tall black alloy stand, black wood cabinet</li>
<li>Tank Size</li>
<li>48x24x36 inch</li>
<li>1219x610x914 mm</li>
<li>Glass Thickness</li>
<li>15mm, 5/8inch</li>
<li>Capacity</li>
<li>180 Gallon</li>
</ul>",1,3399.99,Starphire glass,https://staging.example.com/wp-content/uploads/120-GAL-48X24X24-STARPHIRE-GLASS-TANK-BLACK-WOOD-STAND-s-watermark.png
simple,190-gal-48x30x30-starphire-glass-white-wood-stand-aluminum-frame,"190 GAL 48X30X30 STARPHIRE GLASS- WHITE WOOD STAND, ALUMINUM FRAME",1,visible,<p>Check Warranty Details</p>,"<ul>
<li>Recess Euro Brace Glass Tank with 3 sides ULTRA CLEAR/LOW IRON (similar to Starphire)</li>
<li>Center Overflow</li>
<li>Tank Size</li>
<li>48x30x30 inch</li>
<li>1219x762x762 mm</li>
<li>Glass Thickness</li>
<li>12mm, 1/2inch</li>
<li>Capacity</li>
<li>190 Gallon</li>
<li>Overflow Box</li>
<li>2×3/4″ Return, 1x 1.5″ Drain</li>
<li>Sump Size</li>
<li>39.37×17.7×15.7 inch</li>
<li>1000x450x400 mm</li>
</ul>",1,3499.99,Starphire glass,https://staging.example.com/wp-content/uploads/190-GAL-48X30X30-STARPHIRE-GLASS-WHITE-WOOD-STAND-09thupdated.jpg
simple,190t-gal-60x24x30-starphire-glass-tank-black-wood-stand-aluminum-frame,"190T GAL 60X24X30 STARPHIRE GLASS TANK- BLACK WOOD STAND, ALUMINUM FRAME",1,visible,<p>Check Warranty Details</p>,"<ul>
<li>60″ x 24″ x 30″ (approx 190gal), 1/2″ Thick</li>
<li>Recess Euro Brace Glass Tank with 3 sides ULTRA CLEAR/LOW IRON (similar to Starphire)</li>
<li>Center Overflow with 1.5″ (1x) and 3/4 (2x)” bulkhead holes at the bottom</li>
<li>return holes (2x) at the top of the overflow</li>
<li>Alternative 3/4″ return holes (2x) on top rear corners bracing</li>
<li>36″ Sump with 2 baffles and 2 sock holders</li>
<li>36″ tall black alloy stand, black wood cabinet</li>
<li>Tank Size</li>
<li>60x24x30 inch</li>
<li>1524x610x762 mm</li>
<li>Glass Thickness</li>
<li>12mm, 1/2inch</li>
<li>Capacity</li>
<li>190 Gallon</li>
</ul>",1,3499.99,Starphire glass,https://staging.example.com/wp-content/uploads/120-GAL-48X24X24-STARPHIRE-GLASS-TANK-BLACK-WOOD-STAND-s-watermark.png
simple,200-gal-84x24x24-starphire-glass-tank-black-stand,200 GAL 84x24x24 STARPHIRE GLASS TANK- BLACK STAND,1,visible,"<ul>
<li>NEED TO SHIP BY FREIGHT, NO FREE SHIPPING</li>
<li>Check Warranty Details</li>
</ul>","<ul>
<li>Tank is 3 sides ultra low iron, front and both sides</li>
<li>Approximately 84x24x24″</li>
<li>Euro Bracing / Bottom Brace</li>
<li>Tank Size</li>
<li>84x24x24 inch</li>
<li>2140x600x600 mm</li>
<li>Glass Thickness</li>
<li>15 mm, 5/8 inch</li>
<li>Capacity</li>
<li>200 Gallon</li>
<li>Overflow Box</li>
<li>2×1″ Return, 2×1.5″ Drain</li>
<li>Sump Size</li>
<li>70.9×17.7×15.7 inch</li>
</ul>",1,4999.99,Starphire glass,https://staging.example.com/wp-content/uploads/200-GAL-84x24x24-STARPHIRE-GLASS-TANK-BLACK-STAND-s_watermark.png
simple,200-gal-84x24x24-starphire-glass-tank-white-stand,200 GAL 84x24x24 STARPHIRE GLASS TANK- WHITE STAND,1,visible,"<ul>
<li>NEED TO SHIP BY FREIGHT, NO FREE SHIPPING</li>
<li>Check Warranty Details</li>
</ul>","<ul>
<li>Tank is 3 sides ultra low iron, front and both sides</li>
<li>Comes with 32″ metal frame tall stand</li>
<li>Approximately 84x24x24″</li>
<li>Euro Bracing / Bottom Brace</li>
<li>Tank Size</li>
<li>84x24x24 inch</li>
<li>2140x600x600 mm</li>
<li>Glass Thickness</li>
<li>15mm, 5/8inch</li>
<li>Capacity</li>
<li>200 Gallon</li>
<li>Overflow Box</li>
<li>2×1″ Return, 2×1.5″ Drain</li>
<li>Sump Size</li>
</ul>",1,4999.99,Starphire glass,https://staging.example.com/wp-content/uploads/200-GAL-84x24x24-STARPHIRE-GLASS-TANK-BLACK-STAND-s_watermark.png
simple,225-gal-72x30x24-starphire-glass-aquarium,225 GAL 72X30X24 STARPHIRE GLASS AQUARIUM,1,visible,"<ul>
<li>NEED TO SHIP BY FREIGHT, NO FREE SHIPPING</li>
<li>Check Warranty Details</li>
</ul>","<ul>
<li>** NO STAND **</li>
<li>** NO SUMP **</li>
<li>Tank is 3 sides ultra low iron, front and both sides</li>
<li>Approximately 72x30x24″</li>
<li>Glass 1/2″ thick</li>
<li>Euro Bracing / Bottom Brace</li>
<li>Tank Size</li>
<li>72x30x24 inch</li>
<li>1830x762x610 mm</li>
<li>Glass Thickness</li>
<li>15mm, 5/8inch</li>
<li>Capacity</li>
<li>225Gallon</li>
<li>Overflow Box</li>
</ul>",1,3299.99,Starphire glass,https://staging.example.com/wp-content/uploads/150-GAL-72x24x20-SHALLOW-PENINSULA-TANK-LOW-IRON-GLASS-AQUARIUM-s-watermark.png
simple,225-gal-72x30x24-starphire-glass-tank-black-stand,225 GAL 72x30x24 STARPHIRE GLASS TANK- BLACK STAND,1,visible,"<ul>
<li>NEED TO SHIP BY FREIGHT, NO FREE SHIPPING</li>
<li>Check Warranty Details</li>
</ul>","<ul>
<li>Tank is 3 sides ultra low iron, front and both sides</li>
<li>Approximately 72x30x24″</li>
<li>Tank Size</li>
<li>72x30x24 inch</li>
<li>1830x762x610 mm</li>
<li>Glass Thickness</li>
<li>15mm,5/8inch</li>
<li>Capacity</li>
<li>210 Gallon</li>
<li>Overflow Box</li>
<li>2×1″ Return, 2×1.5″ Drain</li>
<li>Sump Size</li>
<li>59×19.7×15.7 inch</li>
<li>1500x500x400 mm</li>
</ul>",1,4999.99,Starphire glass,https://staging.example.com/wp-content/uploads/200-GAL-84x24x24-STARPHIRE-GLASS-TANK-BLACK-STAND-s_watermark.png
simple,225-gal-72x30x24-starphire-glass-tank-white-stand,225 GAL 72x30x24 STARPHIRE GLASS TANK- WHITE STAND,1,visible,"<ul>
<li>NEED TO SHIP BY FREIGHT, NO FREE SHIPPING</li>
<li>Check Warranty Details</li>
</ul>","<ul>
<li>Tank is 3 sides ultra low iron, front and both sides</li>
<li>Approximately 72x30x24″</li>
<li>Tank Size</li>
<li>72x30x24 inch</li>
<li>1830x762x610 mm</li>
<li>Glass Thickness</li>
<li>15mm,5/8inch</li>
<li>Capacity</li>
<li>210 Gallon</li>
<li>Overflow Box</li>
<li>2×1″ Return, 2×1.5″ Drain</li>
<li>Sump Size</li>
<li>59×19.7×15.7 inch</li>
<li>1500x500x400 mm</li>
</ul>",1,4999.99,Starphire glass,https://staging.example.com/wp-content/uploads/200-GAL-84x24x24-STARPHIRE-GLASS-TANK-BLACK-STAND-s_watermark.png
simple,240-gal-96x24x24-starphire-glass-tank-black-stand,240 GAL 96x24x24 STARPHIRE GLASS TANK- BLACK STAND,1,visible,"<ul>
<li>NEED TO SHIP BY FREIGHT, NO FREE SHIPPING</li>
<li>Check Warranty Details</li>
</ul>","<ul>
<li>240 GAL 96x24x24 STARPHIRE GLASS TANK- BLACK STAND ( PICTURE SHOWED WHITE STAND )</li>
<li>Tank is 3 sides ultra low iron, front and both sides</li>
<li>Comes with 32″ metal frame tall stand</li>
<li>Approximately 96x24x24″</li>
<li>Stand is 80cm ( 32.0″ )</li>
<li>71x15x75x16″ regular sump included, 3 chambers and top off chamber</li>
<li>Glass 1/2″ thick</li>
<li>Euro Bracing / Bottom Brace</li>
<li>Tank Size</li>
<li>96x24x24 inch</li>
<li>2440x600x600 mm</li>
<li>Glass Thickness</li>
<li>15mm, 5/8inch</li>
<li>Capacity</li>
</ul>",1,6499.99,Starphire glass,https://staging.example.com/wp-content/uploads/200-GAL-84x24x24-STARPHIRE-GLASS-TANK-BLACK-STAND-s_watermark.png
simple,240-gal-96x24x24-starphire-glass-tank-white-stand,240 GAL 96x24x24 STARPHIRE GLASS TANK- WHITE STAND,1,visible,"<ul>
<li>NEED TO SHIP BY FREIGHT, NO FREE SHIPPING</li>
<li>Check Warranty Details</li>
</ul>","<ul>
<li>Tank is 3 sides ultra low iron, front and both sides</li>
<li>Comes with 32″ metal frame tall stand</li>
<li>Approximately 96x24x24″</li>
<li>Stand is 80cm ( 32.0″ )</li>
<li>71x15x75x16″ regular sump included, 3 chambers and top off chamber</li>
<li>Glass 1/2″ thick</li>
<li>Euro Bracing / Bottom Brace</li>
<li>Tank Size</li>
<li>96x24x24 inch</li>
<li>2440x600x600 mm</li>
<li>Glass Thickness</li>
<li>15mm, 5/8inch</li>
<li>Capacity</li>
<li>240 Gallon</li>
</ul>",1,6499.99,Starphire glass,https://staging.example.com/wp-content/uploads/200-GAL-84x24x24-STARPHIRE-GLASS-TANK-BLACK-STAND-s_watermark.png
simple,270-gal-72x36x24-starphire-glass-aquarium,270 GAL 72X36X24 STARPHIRE GLASS AQUARIUM,1,visible,"<ul>
<li>NEED TO SHIP BY FREIGHT, NO FREE SHIPPING</li>
<li>Check Warranty Details</li>
</ul>","<ul>
<li>** NO STAND **</li>
<li>** NO SUMP **</li>
<li>Tank is 3 sides ultra low iron, front and both sides</li>
<li>Approximately 72x36x24″</li>
<li>Glass 5/8″ thick</li>
<li>Euro Bracing / Bottom Brace</li>
<li>NEED TO SHIP BY FREIGHT, NO FREE SHIPPING</li>
</ul>",1,3499.99,Starphire glass,https://staging.example.com/wp-content/uploads/150-GAL-72x24x20-SHALLOW-PENINSULA-TANK-LOW-IRON-GLASS-AQUARIUM-s-watermark.png
simple,270-gal-72x36x24-starphire-glass-viewable-4-sides-black-wood-stand-aluminum-frame,"270 GAL 72X36X24 STARPHIRE GLASS, VIEWABLE 4 SIDES- BLACK WOOD STAND ALUMINUM FRAME",1,visible,<p>Check Warranty Details</p>,"<ul>
<li>270 Gallon Display Tank</li>
<li>Tank is 4 sides ultra low iron</li>
<li>Comes with 30-32″ tall alloy stand White</li>
<li>Approximately 72x36x24″</li>
<li>Stand is 80cm ( 31.50″ )</li>
<li>60″ regular sump included, 3 chambers</li>
<li>Glass 5/8 thick</li>
<li>NEED TO SHIP BY FREIGHT, NO FREE SHIPPING</li>
</ul>",1,7499.99,Starphire glass,https://staging.example.com/wp-content/uploads/270-GAL-72X36X24-STARPHIRE-GLASS-VIEWABLE-4-SIDES-BLACK-WOOD-STAND-ALUMINUM-FRAME-s-watermark.png
simple,270-gal-72x36x24-starphire-glass-tank-black-stand,270 GAL 72x36x24 STARPHIRE GLASS TANK- BLACK STAND,1,visible,"<ul>
<li>NEED TO SHIP BY FREIGHT, NO FREE SHIPPING</li>
<li>Check Warranty Details</li>
</ul>","<ul>
<li>Tank is 3 sides ultra low iron, front and both sides</li>
<li>Comes with 36″ metal frame tall stand</li>
<li>Approximately 72x36x24″</li>
<li>Tank Size</li>
<li>72x36x24 inch</li>
<li>1830x914x610 mm</li>
<li>Glass Thickness</li>
<li>15mm,5/8inch</li>
<li>Capacity</li>
<li>250 Gallon</li>
<li>Overflow Box</li>
<li>2×1″ Return, 2×1.5″ Drain</li>
<li>Sump Size</li>
<li>59×27.5×15.7 inch</li>
</ul>",1,4999.99,Starphire glass,https://staging.example.com/wp-content/uploads/200-GAL-84x24x24-STARPHIRE-GLASS-TANK-BLACK-STAND-s_watermark.png
simple,270-gal-72x36x24-starphire-glass-tank-white-stand,270 GAL 72x36x24 STARPHIRE GLASS TANK- WHITE STAND,1,visible,"<ul>
<li>NEED TO SHIP BY FREIGHT, NO FREE SHIPPING</li>
<li>Check Warranty Details</li>
</ul>","<ul>
<li>Tank is 3 sides ultra low iron, front and both sides</li>
<li>Comes with 36″ metal frame tall stand</li>
<li>Approximately 72x36x24″</li>
<li>Tank Size</li>
<li>72x36x24 inch</li>
<li>1830x914x610 mm</li>
<li>Glass Thickness</li>
<li>15mm,5/8inch</li>
<li>Capacity</li>
<li>250 Gallon</li>
<li>Overflow Box</li>
<li>2×1″ Return, 2×1.5″ Drain</li>
<li>Sump Size</li>
<li>59×27.5×15.7 inch</li>
</ul>",1,4999.99,Starphire glass,https://staging.example.com/wp-content/uploads/200-GAL-84x24x24-STARPHIRE-GLASS-TANK-BLACK-STAND-s_watermark.png
simple,270-gallon-84x48x16-custom-starphire-glass-coffee-table,270 GALLON 84X48X16 CUSTOM STARPHIRE GLASS COFFEE TABLE,1,visible,<p>Check Warranty Details</p>,"<ul>
<li>COFFEE TABLE AQUARIUM</li>
<li>270 gallon 84”x48”x16” Custom starphire glass coffee table</li>
<li>3/4” thick,</li>
<li>3 sided peninsula style eurobraced top and bottom,</li>
<li>Left side filtration system 4 chambers.</li>
<li>1/2” (88”x52”) top starphire glass beveled polished edges.</li>
<li>(8) 4” acrylic brackets</li>
<li>Black wood base</li>
</ul>",1,8500.00,Starphire glass,https://staging.example.com/wp-content/uploads/270-GALLON-84X48X16-CUSTOM-STARPHIRE-GLASS-COFFEE-TABLE-s-watermark.png
